Tarih;TOPLAM;ADANA;ADIYAMAN;AFYON;AGRI;AMASYA;ANKARA;ANTALYA;ARTVIN;AYDIN;BALIKESIR;BILECIK;BINGOL;BITLIS;BOLU;BURDUR;BURSA;CANAKKALE;CANKIRI;CORUM;DENIZLI;DIYARBAKIR;EDIRNE;ELAZIG;ERZINCAN;ERZURUM;ESKISEHIR;GAZIANTEP;GIRESUN;GUMUSHANE;HAKKARI;HATAY;ISPARTA;MERSIN;ISTANBUL;IZMIR;KARS;KASTAMONU;KAYSERI;KIRKLARELI;KIRSEHIR;KOCAELI;KONYA;KUTAHYA;MALATYA;MANISA;MARAS;MARDIN;MUGLA;MUS;NEVSEHIR;NIGDE;ORDU;RIZE;SAKARYA;SAMSUN;SIIRT;SINOP;SIVAS;TEKIRDAG;TOKAT;TRABZON;TUNCELI;URFA;USAK;VAN;YOZGAT;ZONGULDAK;AKSARAY;BAYBURT;KARAMAN;KIRIKKALE;BATMAN;SIRNAK;BARTIN;ARDAHAN;IGDIR;YALOVA;KARABUK;KILIS;OSMANIYE;DUZCE
2008/01;782.786;5.996;0;0;9.642;0;16.920;121.458;43.235;80;465;0;0;0;0;0;2.383;28;0;0;4;1;100.303;0;0;2.356;0;2.080;52;0;5.033;19.645;0;636;357.219;22.678;0;0;937;10.367;0;294;62;0;0;0;0;2.254;9.575;0;0;0;79;0;0;1.041;0;0;0;1.394;0;1.128;0;548;0;818;0;298;0;0;0;0;0;6.896;1;209;18.666;0;0;18.005;0;0
2008/02;896.482;6.169;0;0;14.390;0;19.524;152.011;42.846;83;296;0;0;0;0;0;63;114;0;0;0;0;108.488;0;0;2.013;0;2.378;69;0;4.653;16.191;0;656;431.766;24.000;0;0;1.034;13.294;0;240;51;0;0;0;0;1.900;7.985;0;0;0;163;1;0;244;0;0;0;1.598;0;1.043;0;626;0;1.235;0;320;0;0;0;0;0;8.242;4;174;19.072;0;0;13.546;0;0
2008/03;1.305.297;5.496;0;0;46.563;0;23.033;291.077;50.674;8.139;506;0;0;0;0;0;48;570;0;0;0;0;138.234;0;0;948;0;3.726;92;0;9.754;18.173;463;715;550.358;41.647;0;0;1.370;17.426;0;398;200;0;0;0;0;2.494;20.257;0;736;0;123;2;0;1.550;0;0;0;1.742;0;1.100;0;767;0;2.270;0;418;0;0;0;0;0;10.787;0;359;17.850;0;0;35.232;0;0
2008/04;1.647.903;5.991;0;0;34.457;0;24.198;473.912;57.445;25.818;852;0;0;0;0;0;100;882;0;0;0;1;166.926;0;0;29;0;4.431;168;0;5.662;18.440;0;1.760;582.780;63.460;0;0;1.478;23.793;0;291;8;0;0;0;0;2.716;77.717;0;6.403;0;80;3;0;1.575;0;742;0;1.754;0;1.359;0;804;0;1.472;0;447;0;0;0;0;0;11.411;4;702;19.436;0;0;28.396;0;0
2008/05;2.748.564;10.403;0;0;47.046;0;29.714;1.037.876;69.285;70.702;369;0;0;0;0;0;57;75;0;0;0;0;173.116;0;0;325;187;6.236;93;0;6.657;19.980;0;1.206;691.409;118.275;0;0;2.727;25.793;0;354;103;0;0;0;0;2.979;340.760;0;4.217;0;122;0;0;1.979;0;7;144;2.162;0;1.637;0;991;0;1.740;0;344;0;0;0;0;0;11.977;5;974;22.071;0;0;44.467;0;0
2008/06;3.305.832;11.868;0;0;56.354;0;52.811;1.282.239;67.264;75.438;2.148;0;0;0;0;0;90;1.772;0;0;0;0;305.595;0;0;496;234;7.069;54;0;8.082;23.281;269;2.150;668.857;140.998;0;0;5.854;30.534;0;374;2.906;0;0;0;0;3.805;460.317;0;1.414;0;443;3;0;2.960;0;3;372;1.675;0;3.731;0;1.220;0;2.222;0;409;0;0;0;0;0;14.150;2;1.181;20.663;0;0;44.525;0;0
2008/07;4.084.764;20.291;0;0;57.551;0;72.653;1.444.204;78.646;97.060;3.973;0;0;0;0;0;78;522;0;0;0;0;531.284;0;0;748;531;11.642;50;0;8.079;41.999;1.600;3.391;799.906;144.287;0;1;11.136;47.961;0;420;2.886;0;0;0;0;4.764;577.845;0;2.199;0;65;0;0;4.900;0;751;687;1.498;0;6.695;0;1.885;0;3.078;0;461;0;0;0;0;0;22.649;5;1.343;22.438;0;0;52.602;0;0
2008/08;3.762.136;14.898;0;0;52.620;0;45.238;1.430.502;81.456;102.990;6.076;0;0;0;0;0;76;460;0;0;0;5;302.988;0;0;342;390;8.284;64;0;10.552;59.291;1.834;3.684;698.331;167.162;93;0;5.380;48.789;0;316;414;0;0;0;0;5.248;594.647;0;2.359;0;82;0;0;3.004;0;786;344;1.289;0;5.454;0;1.802;0;2.971;0;344;0;0;0;0;0;28.399;4;3.583;23.718;0;0;45.867;0;0
2008/09;2.981.044;8.835;0;0;18.541;0;28.133;1.206.548;71.995;99.405;746;0;0;0;0;0;36;1.514;0;0;0;0;169.285;0;0;48;116;6.094;46;0;8.114;21.600;1.076;1.437;611.645;131.525;113;0;2.164;33.040;0;301;368;0;0;0;0;2.760;492.058;0;3.450;0;54;3;0;1.794;0;367;71;1.267;0;2.397;0;1.395;0;2.014;0;271;0;0;0;0;0;14.461;4;915;21.232;0;0;13.806;0;0
2008/10;2.462.497;8.999;0;0;61.061;0;28.135;772.849;82.845;76.893;2.416;0;0;0;0;0;83;6.266;0;0;0;0;180.078;0;0;12;117;4.766;100;0;7.205;25.696;0;1.139;691.925;108.220;104;2;3.621;26.595;0;303;221;0;0;0;0;3.294;272.426;0;5.314;0;50;0;0;2.236;0;561;8;1.484;0;5.414;0;1.845;8;1.937;0;455;0;0;0;0;0;18.330;8;990;15.643;0;0;42.843;0;0
2008/11;1.267.996;4.879;0;0;55.097;0;18.229;230.038;84.079;31.762;770;0;0;0;0;0;52;1.305;0;0;0;0;145.205;0;0;33;117;3.279;42;0;6.745;18.819;0;887;502.907;42.750;0;7;2.095;17.449;0;224;109;0;0;0;0;2.748;13.035;0;0;0;43;9;0;1.222;0;9;8;1.403;0;2.854;0;2.352;4;1.485;0;460;0;0;0;0;0;14.855;6;733;19.716;0;0;40.175;0;0
2008/12;1.091.376;6.522;0;0;24.786;0;22.344;121.881;82.679;5.870;353;0;0;0;0;0;180;64;0;0;0;3;170.233;0;0;773;194;3.418;29;0;6.042;46.782;0;888;463.645;29.062;0;0;1.684;22.204;0;328;707;0;0;0;0;2.401;9.579;0;0;0;18;1;0;1.660;0;0;8;1.042;0;2.380;0;2.100;0;1.258;0;390;0;0;0;0;0;13.680;12;284;19.282;0;0;26.610;0;0
2009/01;751.817;5.254;0;0;379;0;15.204;90.024;69.618;75;439;0;0;0;0;0;903;117;0;0;0;0;104.098;0;0;1.309;215;2.832;39;0;5.847;16.521;0;616;339.895;29.434;0;0;769;10.525;0;240;6;0;0;0;0;2.478;9.008;0;0;0;39;0;0;971;0;0;0;996;0;1.102;0;2.573;0;1.375;0;302;0;0;0;0;0;10.065;5;222;15.739;0;0;12.583;0;0
2009/02;898.927;5.458;0;0;0;0;17.309;129.468;84.669;59;309;0;0;0;0;0;40;53;0;0;0;0;129.036;0;0;553;186;1.990;39;0;6.298;15.124;0;693;408.082;30.210;0;0;1.060;13.224;0;261;24;0;0;0;0;2.036;3.192;0;0;0;7;1;0;905;0;20;0;1.282;0;1.200;0;1.852;0;1.449;0;412;0;0;0;0;0;10.055;9;335;16.304;0;0;15.723;0;0
2009/03;1.207.729;3.828;0;0;64.201;0;18.126;210.815;81.799;9.435;308;0;0;0;0;0;45;67;0;0;0;0;152.789;0;0;119;377;4.205;26;0;14.932;18.576;719;1.347;485.607;33.192;0;0;1.462;15.539;0;291;86;0;458;0;0;3.224;11.168;0;176;0;43;5;0;994;0;10;0;1.670;0;1.344;0;2.547;0;2.965;0;294;0;0;0;0;0;12.652;2;529;13.639;0;0;38.118;0;0
2009/04;1.750.281;5.367;0;0;35.055;0;25.572;452.509;86.778;26.960;1.121;0;0;0;0;0;57;731;0;0;2;0;184.448;0;0;26;602;4.501;90;0;7.737;21.101;0;1.157;632.219;77.650;0;1;2.433;21.074;0;333;84;0;703;0;0;3.532;87.287;0;1.687;0;48;5;0;1.457;0;862;0;1.874;0;3.031;0;2.869;0;1.890;0;537;0;0;0;0;0;15.150;4;722;14.408;0;0;26.607;0;0
2009/05;2.718.788;6.477;0;0;43.455;0;24.786;952.162;126.530;63.672;1.845;0;0;0;0;0;57;1.706;0;0;4;0;200.149;0;0;13;691;4.755;38;0;8.501;19.354;0;1.136;700.116;110.304;0;0;2.661;26.345;0;365;101;0;643;0;0;3.457;329.473;0;2.110;0;25;2;0;2.516;0;1.205;0;1.941;0;2.749;0;3.128;0;2.080;0;672;0;0;0;0;0;16.433;4;1.057;15.409;0;0;40.661;0;0
2009/06;3.263.089;8.102;0;0;62.055;0;41.346;1.219.695;102.142;81.092;2.720;0;0;0;0;0;91;310;0;0;0;0;271.249;0;0;292;1.712;6.319;97;0;9.229;25.858;114;1.945;698.596;136.875;266;0;5.515;28.845;0;335;2.428;0;1.602;0;0;3.646;452.323;0;1.852;0;36;3;0;2.598;0;1.049;0;1.701;0;3.221;0;3.294;0;2.729;0;624;0;0;0;0;0;17.733;0;1.464;15.902;0;0;46.084;0;0
2009/07;4.343.025;16.636;0;0;77.854;0;68.607;1.423.721;85.285;94.690;4.555;0;0;0;0;0;83;847;0;0;0;4;647.069;0;0;477;2.714;9.559;50;0;11.092;46.445;1.429;2.898;915.578;176.529;427;0;15.155;42.202;0;428;2.107;0;2.358;0;0;5.463;558.620;0;2.265;0;49;7;0;4.474;0;1.107;11;2.885;0;6.108;0;3.705;0;3.354;0;754;0;0;0;0;0;26.102;10;1.907;17.079;0;0;60.326;0;0
2009/08;3.760.372;9.778;0;0;48.362;0;32.411;1.401.751;95.350;105.917;6.205;0;0;0;0;0;66;421;0;0;11;1;306.175;0;0;166;918;5.526;18;0;14.048;52.468;2.810;3.002;748.988;153.225;79;0;5.211;45.994;0;372;89;0;1.383;0;0;5.508;594.259;0;3.383;0;20;3;0;3.451;0;1.438;155;3.237;0;6.558;0;3.439;0;2.359;0;758;0;0;0;0;0;31.733;2;2.101;17.351;0;0;43.872;0;0
2009/09;3.136.010;8.007;0;0;39.282;0;26.699;1.204.096;78.493;94.345;4.829;0;0;0;0;0;57;1.714;0;0;0;0;203.059;0;0;0;665;3.965;22;0;10.800;43.421;1.576;1.261;679.727;134.514;0;1;3.171;33.076;0;357;188;0;762;0;0;4.325;485.516;0;2.843;0;31;1;0;2.098;0;2.444;0;2.917;0;3.891;0;3.512;0;2.482;0;678;0;0;0;0;0;16.674;18;1.611;15.540;0;0;17.342;0;0
2009/10;2.617.193;6.002;0;0;78.218;0;26.068;800.997;65.476;97.078;2.990;0;0;0;0;0;300;4.213;0;0;0;0;182.405;0;0;0;815;4.563;73;0;11.231;42.852;76;1.122;761.166;99.622;0;0;2.620;23.635;0;371;166;0;506;0;0;7.222;266.300;0;2.457;0;98;1;0;2.515;0;5.466;0;1.900;0;4.044;0;4.904;0;2.436;0;657;0;0;0;0;0;18.528;5;1.975;16.097;0;0;70.023;0;0
2009/11;1.403.740;3.166;0;0;78.641;0;17.953;245.607;61.007;37.289;1.086;0;0;0;0;0;50;339;0;0;0;0;160.475;0;0;9;582;3.314;52;0;8.871;42.213;87;939;555.920;42.229;0;0;1.648;19.796;0;410;68;0;0;0;0;5.037;12.932;0;2.900;0;87;2;0;1.621;0;2;0;1.437;0;2.297;0;4.438;0;1.967;0;530;0;0;0;0;0;14.763;5;992;15.073;0;0;57.906;0;0
2009/12;1.226.143;3.661;0;0;39.682;0;20.731;129.554;59.958;4.490;211;0;0;0;0;0;211;78;0;0;6;0;170.437;0;0;411;782;3.617;81;0;9.445;47.460;84;734;584.576;33.008;0;2;1.852;19.606;0;351;1.137;0;0;0;0;5.058;10.220;0;1.251;0;56;0;0;1.375;0;16;0;1.472;0;1.927;0;4.270;0;1.980;0;660;0;0;0;0;0;15.069;2;595;15.495;0;0;34.532;0;0
2010/01;809.974;3.012;0;0;49.041;0;16.383;120.408;55.960;81;367;0;0;0;0;0;1.337;35;0;0;0;0;121.854;0;0;1.710;400;1.520;26;0;9.749;29.850;0;572;296.661;21.252;0;0;853;9.185;0;353;70;0;0;0;0;5.070;3.101;0;976;0;55;3;0;1.269;0;168;0;1.055;0;1.125;0;3.205;0;1.452;0;299;0;0;0;0;0;6.554;3;683;15.155;0;0;29.122;0;0
2010/02;953.848;3.447;0;0;60.562;0;17.593;155.262;57.173;158;151;0;0;0;0;0;34;50;0;0;0;0;117.054;0;0;1.020;542;2.804;28;0;10.778;30.696;0;556;372.743;28.659;0;1;1.469;11.692;0;354;65;0;0;0;0;4.364;3.729;0;739;0;46;0;0;1.477;0;30;0;1.503;0;1.417;0;4.348;0;1.831;0;396;0;0;0;0;0;13.508;3;469;17.290;0;0;29.807;0;0
2010/03;1.414.616;3.094;0;0;97.229;0;22.824;308.773;75.061;8.653;209;0;0;0;0;0;96;48;0;0;1;1;153.260;56;0;320;429;4.985;30;0;36.845;38.759;765;955;490.583;32.220;0;28;1.295;9.782;0;310;75;0;6;0;0;4.776;14.961;0;1.785;0;103;1;0;1.851;0;4;0;1.786;0;1.566;0;5.524;0;2.595;0;476;0;0;0;0;0;9.292;3;785;16.931;0;0;65.485;0;0
2010/04;1.744.628;3.691;0;0;67.449;0;23.197;447.988;81.529;25.308;426;0;0;0;0;0;203;22.679;0;0;1;0;193.322;131;0;0;593;4.342;51;0;13.353;45.122;117;1.003;553.670;59.385;0;1;1.538;20.883;0;275;66;0;26;0;0;5.200;72.925;0;2.375;0;59;1;0;1.893;0;1.533;3;2.052;0;2.020;0;7.063;0;1.688;0;429;0;0;0;0;0;11.244;2;1.233;17.569;0;0;50.990;0;0
2010/05;3.148.337;4.628;0;0;73.759;0;32.772;1.209.735;100.279;72.288;696;0;0;0;0;0;187;3.222;0;0;0;2;208.782;308;0;0;795;4.683;0;0;15.957;44.285;295;1.213;688.822;130.455;0;13;3.506;25.827;0;425;373;0;306;0;0;5.444;410.845;0;1.926;0;65;1;0;2.419;0;8;0;2.544;0;1.867;0;6.417;0;1.693;0;402;0;0;0;0;0;10.872;2;1.613;20.772;0;0;57.834;0;0
2010/06;3.500.024;5.255;0;0;87.072;0;51.333;1.369.850;89.196;90.590;837;0;0;0;0;0;377;3.700;0;0;0;0;241.366;969;0;196;1.576;6.217;134;0;13.145;53.183;140;1.833;659.108;158.784;140;20;5.397;29.206;0;357;2.524;0;500;0;0;6.110;501.226;0;1.392;0;22;0;0;3.107;0;1.576;0;2.524;0;3.478;0;6.720;0;2.870;0;359;0;0;0;0;0;15.391;0;1.731;20.306;0;0;60.207;0;0
2010/07;4.358.275;9.430;0;0;83.686;0;77.127;1.519.531;127.651;69.206;1.414;0;0;0;0;0;368;2.429;0;0;0;0;515.197;1.740;0;265;2.869;7.761;104;0;16.011;98.580;1.013;4.118;819.412;191.919;443;19;11.991;43.114;0;365;2.570;0;1.288;0;0;9.076;587.535;0;3.503;0;49;7;0;4.562;0;7;163;3.481;0;4.985;0;7.739;0;3.312;0;477;0;0;0;0;0;30.159;0;2.391;19.439;0;0;71.769;0;0
2010/08;3.719.180;5.988;0;0;40.618;0;40.716;1.486.069;130.480;73.883;2.860;0;0;0;0;0;831;363;0;0;0;1;272.768;1.160;0;344;681;6.546;69;0;10.088;69.101;1.321;3.016;630.621;184.110;60;0;3.765;45.427;0;443;232;0;542;0;0;7.578;591.107;0;3.822;0;74;0;0;2.618;0;1.072;0;2.670;0;3.372;0;7.845;0;2.512;0;1.113;0;0;0;0;0;23.717;3;2.632;21.388;0;0;35.554;0;0
2010/09;3.486.319;7.369;0;0;85.487;0;40.221;1.298.971;118.264;77.114;2.936;0;0;0;0;0;595;1.159;0;0;0;0;234.848;385;0;2;629;4.947;36;0;12.386;78.571;1.118;1.765;712.383;154.635;34;0;3.639;38.285;0;335;343;0;657;0;0;8.256;484.316;0;2.610;0;77;0;0;2.133;0;9;2;2.184;0;2.688;0;7.171;0;2.853;0;875;0;0;0;0;0;19.284;1;2.382;21.041;0;0;53.323;0;0
2010/10;2.840.095;4.057;0;0;86.251;0;38.586;951.824;112.096;79.003;897;0;0;0;0;0;531;3.190;0;0;0;2;204.398;240;0;5;525;6.021;10;0;10.907;56.889;107;1.118;715.577;118.402;0;0;2.514;24.939;0;400;26;0;301;0;0;7.239;280.619;0;2.006;0;97;7;0;2.821;0;3.895;1;2.174;0;6.885;0;7.119;0;2.818;0;504;0;0;0;0;0;23.842;0;2.039;21.206;0;0;58.007;0;0
2010/11;1.491.005;4.080;0;0;74.514;0;21.578;256.768;101.039;31.479;97;0;0;0;0;0;678;73;0;0;0;1;189.327;315;0;0;344;3.737;21;0;10.893;65.069;2;1.670;517.320;47.260;0;0;1.626;24.486;0;347;68;0;160;0;0;7.205;17.766;0;849;0;31;1;0;1.702;0;11;3;2.549;0;1.369;0;6.587;0;2.444;0;445;0;0;0;0;0;20.553;2;1.431;24.468;0;0;50.637;0;0
2010/12;1.165.903;4.659;0;0;48.402;0;23.876;121.635;99.597;1.959;297;0;0;0;0;0;807;115;0;0;0;0;170.292;389;0;440;310;4.580;1;0;9.874;43.934;0;976;471.967;28.749;0;1;2.363;17.327;0;549;1.256;0;170;0;0;6.269;5.756;0;373;0;5;0;0;2.200;0;0;1;2.052;0;1.288;0;7.416;0;2.081;0;462;0;0;0;0;0;24.205;2;821;24.107;0;0;34.340;0;0
2011/01;975.723;4.491;0;0;55.469;0;19.590;110.176;89.394;99;207;0;0;0;0;0;1.134;68;0;0;6;0;131.947;284;0;1.300;215;2.839;33;0;8.375;35.344;6;611;378.380;16.427;0;1;1.503;11.871;0;373;175;0;106;0;0;6.552;8.325;0;671;0;4;0;0;1.486;0;0;0;2.113;0;970;0;7.200;0;2.065;0;417;0;0;0;0;0;18.158;3;656;25.184;0;0;31.495;0;0
2011/02;1.079.505;5.303;0;0;62.607;0;23.255;187.131;54.686;86;215;0;0;0;0;0;244;111;0;0;4;2;128.764;163;0;733;386;3.955;28;0;8.942;33.284;7;640;431.482;36.409;0;0;1.505;12.649;0;320;234;0;95;0;0;5.275;5.604;0;576;0;3;0;0;996;0;104;0;1.874;0;785;0;6.958;0;2.017;0;436;0;0;0;0;0;14.177;0;433;22.160;0;0;24.867;0;0
2011/03;1.617.782;5.734;0;0;114.738;0;21.281;373.780;69.056;8.690;496;0;0;0;0;0;344;78;0;0;4;0;170.478;312;0;124;499;4.607;26;0;26.426;39.580;421;897;554.001;63.629;0;28;1.721;15.543;0;421;180;0;96;0;0;6.285;10.947;0;683;0;19;0;0;1.645;0;0;3;2.173;0;869;0;10.189;0;3.048;0;562;0;0;0;0;0;13.351;5;1.265;36.553;0;0;56.995;0;0
2011/04;2.290.722;5.483;0;0;61.973;0;28.779;735.233;79.532;31.674;852;0;0;0;0;0;250;86;0;0;14;3;215.053;613;0;7;707;5.704;26;0;17.265;37.764;6;1.205;694.963;103.097;0;12;3.156;21.463;0;401;200;0;264;0;0;6.619;128.845;0;1.552;0;3;1;0;2.610;0;481;0;2.191;0;1.774;0;12.505;0;2.125;0;825;0;0;0;0;0;15.207;1;1.100;31.417;0;0;37.681;0;0
2011/05;3.283.125;5.909;0;0;67.836;0;27.625;1.296.872;104.433;75.821;1.024;0;0;0;0;0;486;882;0;0;4;0;223.984;622;0;8;522;5.829;28;0;17.941;37.285;8;1.798;729.860;142.388;0;54;2.383;27.010;0;347;533;0;338;0;0;6.473;397.805;0;975;0;17;0;0;1.907;0;0;6;2.123;0;1.666;0;15.168;0;2.369;0;484;0;0;0;0;0;16.609;11;1.777;29.100;0;0;34.805;0;0
2011/06;3.780.637;8.160;0;0;70.908;0;33.144;1.515.467;102.277;93.612;1.664;0;0;0;0;0;693;693;0;0;0;4;282.792;1.169;0;183;1.172;6.398;28;0;15.604;41.198;5;2.006;773.246;167.636;0;32;6.598;28.739;0;412;4.311;0;659;0;0;8.089;499.705;0;562;0;4;1;0;3.641;0;0;0;1.521;0;2.674;0;16.259;0;5.936;0;1.016;0;0;0;0;0;20.907;4;2.339;26.039;0;0;33.130;0;0
2011/07;4.597.475;11.562;0;0;68.796;0;65.061;1.697.739;135.416;104.623;2.323;0;0;0;0;0;889;1.406;0;0;10;2;452.626;1.722;0;789;2.576;8.664;51;0;16.854;55.968;0;4.427;916.599;210.943;0;34;11.552;42.629;0;394;3.909;0;782;0;0;11.327;619.762;0;1.196;0;11;0;0;5.991;0;1.065;1.220;1.461;0;5.264;0;15.995;0;6.841;0;1.277;0;0;0;0;0;38.828;1;3.165;23.578;0;0;42.147;0;0
2011/08;4.076.783;12.205;0;0;46.299;0;40.523;1.653.337;137.890;104.375;3.655;0;0;0;0;0;892;389;0;0;0;0;286.121;1.154;0;286;1.644;5.898;33;0;11.308;47.106;4;3.821;737.073;212.923;0;25;7.827;44.999;0;339;834;0;1.068;0;0;7.917;599.690;0;1.865;0;9;0;0;3.630;0;1.326;245;1.681;0;4.132;0;15.866;0;6.028;0;1.331;0;0;0;0;0;24.470;6;3.128;20.359;0;0;23.072;0;0
2011/09;3.923.546;7.163;0;0;102.921;0;34.806;1.442.266;147.066;110.143;3.410;0;0;0;0;0;357;1.799;0;0;3;0;256.595;625;0;120;671;6.581;59;0;14.749;48.887;0;2.947;862.591;181.590;0;18;4.440;44.021;0;328;996;0;217;0;0;12.370;500.831;0;793;0;1;0;0;3.043;0;1.361;106;2.217;0;4.339;0;14.902;0;10.037;0;922;0;0;0;0;0;29.723;1;3.651;20.877;0;0;43.003;0;0
2011/10;3.039.754;9.096;0;0;79.624;0;34.483;1.039.042;107.497;109.829;1.038;0;0;0;0;0;456;517;0;0;0;0;195.710;516;0;132;634;5.405;67;0;12.998;40.934;7;1.006;833.551;137.538;0;0;4.153;23.955;0;416;310;0;184;0;0;9.103;281.785;1;2.307;0;7;3;0;2.726;0;464;1;2.108;0;3.740;0;14.703;0;4.660;0;896;0;0;0;0;0;20.545;2;2.853;20.433;0;0;34.319;0;0
2011/11;1.596.295;6.331;0;0;65.975;0;22.082;296.240;97.514;48.427;346;0;0;0;0;0;49;232;0;0;0;0;184.127;180;0;32;366;4.781;88;0;9.828;44.501;0;1.026;596.053;69.997;0;1;1.704;23.611;0;334;5;0;5;0;0;10.410;18.006;0;973;0;7;0;0;2.239;0;12;0;1.853;0;1.380;0;13.766;0;2.814;0;539;0;0;0;0;0;18.914;1;1.373;23.351;0;0;26.822;0;0
2011/12;1.194.729;4.633;0;0;50.050;0;19.263;117.142;98.068;1.752;539;0;0;0;0;0;245;55;0;0;2;1;174.888;258;0;64;550;5.851;98;0;11.139;32.147;0;618;548.591;27.441;0;21;2.209;18.349;0;425;726;0;0;0;0;2.135;5.203;0;158;0;2;1;0;2.187;0;0;0;2.187;0;1.093;0;3.893;0;3.084;0;564;0;0;0;0;0;17.890;3;874;20.961;0;0;19.369;0;0
2012/01;981.611;4.613;0;0;36.887;0;17.195;105.335;98.937;78;108;0;0;0;0;0;523;76;0;0;0;0;121.511;29;0;662;214;5.346;81;0;12.605;33.223;0;579;451.702;18.822;0;1;1.235;11.242;0;380;44;0;0;0;0;0;1.246;0;0;0;15;1;0;1.255;0;0;9;1.742;0;517;0;0;0;3.015;0;428;0;0;0;0;0;13.239;3;916;17.143;0;0;20.654;0;0
2012/02;997.571;4.532;0;0;24.006;0;17.588;162.857;66.156;17;148;0;0;0;0;0;317;77;0;0;2;5;100.448;1;0;397;277;8.519;50;0;8.608;22.335;11;533;494.158;27.851;0;2;1.282;9.283;0;350;140;0;0;0;0;0;3.357;0;92;0;2;1;0;1.244;0;1;0;1.457;0;574;0;0;0;2.062;0;411;0;0;0;0;0;12.943;3;681;16.336;0;0;8.457;0;0
2012/03;1.460.563;5.259;0;0;42.018;0;19.629;296.420;86.308;3.077;174;0;0;0;0;0;105;365;0;0;3;4;165.015;4;0;11;570;7.764;94;0;11.349;26.976;6.153;682;659.881;42.310;0;1;1.840;15.159;0;440;262;0;64;0;0;0;10.317;0;155;0;12;0;0;1.797;0;0;1;2.073;0;448;0;0;0;5.556;0;462;0;0;0;0;0;15.908;1;1.734;21.727;0;0;8.435;0;0
2012/04;2.168.715;5.955;0;0;22.742;0;23.608;614.860;113.296;18.014;586;0;0;0;0;0;321;2.019;0;0;11;4;217.835;0;0;5;826;8.993;88;0;8.250;32.587;24;790;818.868;90.044;0;1;2.050;23.172;0;455;15;0;200;0;0;0;107.181;0;1.280;0;2;2;0;2.104;0;0;164;1.653;0;970;0;0;0;2.659;0;695;0;0;0;0;0;19.446;5;1.520;18.291;0;0;7.124;0;0
2012/05;3.232.926;8.660;0;0;29.341;0;24.796;1.219.630;133.155;85.934;851;0;0;0;0;0;208;1.344;0;0;0;0;211.265;427;0;0;1.153;10.900;140;0;10.106;26.046;406;905;867.603;138.727;0;2;3.399;24.475;0;449;895;0;200;0;0;0;364.041;0;686;0;2;0;0;2.675;0;765;0;2.595;0;1.434;0;0;0;3.991;0;629;0;0;0;0;0;19.906;5;2.447;20.664;0;0;12.069;0;0
2012/06;3.882.592;10.004;0;0;33.702;0;39.979;1.492.881;121.614;84.556;1.176;0;0;0;0;0;242;590;0;0;0;0;286.594;1.349;0;480;2.715;11.303;60;0;10.015;24.452;3.137;2.136;939.624;179.965;0;2;6.979;30.007;0;498;5.139;0;564;0;0;0;501.710;0;633;0;1;5;0;4.387;0;769;0;2.128;0;3.218;0;7.425;0;4.090;0;1.017;0;0;0;0;0;33.849;2;3.731;24.096;0;0;5.768;0;0
2012/07;4.571.389;19.996;0;0;36.878;0;51.948;1.737.281;158.873;95.736;2.423;0;0;0;0;0;474;1.731;0;0;0;0;422.680;2.997;0;664;4.311;11.488;68;0;11.763;21.343;4.011;3.690;966.417;239.682;0;3;12.072;40.931;0;433;4.852;0;1.215;0;0;0;610.072;0;1.952;0;16;2;0;5.390;0;2.307;269;1.533;0;5.593;0;16.259;0;4.600;0;1.518;0;0;0;0;0;41.849;4;4.164;21.315;0;0;586;0;0
2012/08;4.470.202;12.776;0;0;43.638;0;42.333;1.717.009;190.207;94.227;3.519;0;0;0;0;0;400;1.363;0;0;4;5;341.129;2.100;0;494;2.642;10.724;119;0;9.768;26.352;8.502;5.232;950.134;217.692;0;2;10.794;51.161;0;444;2.090;0;1.103;0;0;0;603.100;0;2.130;0;6;0;0;4.838;0;54;546;2.011;0;3.878;0;14.109;0;5.965;0;1.314;0;0;0;0;0;45.794;31;5.956;22.257;0;0;12.250;0;0
2012/09;3.991.415;10.705;0;0;38.730;0;32.851;1.521.767;175.359;84.934;2.747;0;0;0;0;0;307;1.285;0;0;3;4;242.062;954;0;1;854;14.223;69;0;10.504;27.728;3.304;2.676;940.241;192.890;0;52;4.467;40.737;0;448;504;0;246;0;0;0;523.600;0;1.723;0;2;1;0;3.153;0;2.878;13;2.112;0;5.342;0;9.854;0;4.872;0;1.019;0;0;0;0;0;40.131;6;5.062;20.343;0;0;20.652;0;0
2012/10;3.050.981;7.460;0;0;29.003;0;31.721;1.035.119;118.148;87.389;1.232;0;0;0;0;0;397;3.708;0;0;22;12;235.782;960;0;3;867;16.138;150;0;8.889;33.476;156;2.132;913.212;145.698;0;0;3.673;31.283;0;557;457;0;299;0;0;0;245.302;0;388;0;6;1;0;3.136;0;674;4;1.818;0;1.418;0;0;0;4.483;0;1.129;0;0;0;0;0;34.812;2;3.675;22.393;0;0;23.797;0;0
2012/11;1.631.647;4.358;0;0;26.362;0;20.925;275.176;129.272;36.174;256;0;0;0;0;0;89;499;0;0;0;18;176.420;1;0;7;426;11.677;39;0;7.756;33.991;0;1.522;727.816;46.742;0;0;1.105;20.332;0;426;83;0;1;0;0;0;14.274;0;17;0;3;0;0;1.446;0;0;5;1.771;0;728;0;7.735;0;4.289;0;827;0;0;0;0;0;31.966;19;2.715;22.066;0;0;22.313;0;0
2012/12;1.343.220;4.042;0;0;27.041;0;21.514;120.434;124.701;2.501;288;0;0;0;0;0;468;55;0;0;0;0;176.395;0;0;803;52;8.182;136;0;7.333;42.926;0;1.381;653.398;27.828;0;0;1.817;16.302;0;508;162;0;3;0;0;0;2.429;0;116;0;2;0;0;1.615;0;0;9;1.872;0;652;0;14.076;0;3.997;0;560;0;0;0;0;0;26.735;5;1.574;23.056;0;0;28.252;0;0
2013/01;1.104.754;3.208;0;0;24.391;0;16.584;94.026;103.687;51;262;0;0;0;0;0;542;68;0;0;0;1;131.554;3;0;2.783;2;8.030;205;0;6.864;46.365;0;1.208;532.757;22.926;0;0;1.216;12.374;0;428;31;0;1;0;0;0;1.273;0;0;0;23;0;0;1.414;0;0;3;1.363;0;518;0;17.721;0;4.469;0;553;0;0;0;0;0;19.751;2;1.485;16.309;0;0;30.303;0;0
2013/02;1.268.440;3.584;0;0;32.307;0;19.433;157.314;112.337;49;188;0;0;0;0;0;133;33;0;0;3;139;142.764;4;0;1.705;40;7.970;1;0;9.331;33.172;0;1.379;617.543;18.811;0;0;1.362;13.407;0;484;204;0;0;0;0;0;857;0;16;0;14;0;0;1.527;0;0;6;1.396;0;508;0;13.725;0;4.992;0;582;0;0;0;0;0;22.894;5;1.983;16.614;0;0;29.624;0;0
2013/03;1.841.154;4.876;0;0;39.863;1;25.610;336.060;128.336;8.536;364;0;0;0;0;0;122;506;0;0;2;5;190.324;3;0;863;2;7.906;38;0;11.481;37.602;18.912;1.641;839.015;46.012;0;0;1.487;16.885;0;513;185;6;3;0;0;0;7.511;0;374;0;5;0;0;1.277;0;0;1;1.568;0;553;0;19.722;0;7.211;0;666;0;0;0;0;0;27.278;9;3.458;20.386;0;0;33.976;0;0
2013/04;2.451.031;4.425;0;0;25.955;0;24.439;667.258;137.865;18.872;452;0;0;0;0;0;148;517;0;0;23;9;215.459;130;0;3;1.160;10.165;95;0;8.522;41.752;692;1.766;938.069;94.744;0;0;1.935;23.807;0;468;218;83;4;0;0;0;98.055;0;188;0;4;0;0;1.592;0;1.532;0;2.220;0;738;0;26.201;0;5.601;0;845;0;0;0;0;0;30.695;1;3.472;17.414;0;0;43.438;0;0
2013/05;3.810.236;6.375;0;0;36.733;0;30.504;1.414.756;178.405;68.385;1.373;0;0;0;0;0;96;556;0;0;6;0;241.312;710;0;0;938;16.296;73;0;9.798;29.237;3.530;2.192;1.059.936;157.061;0;0;3.916;28.078;0;493;1.087;87;181;0;0;0;399.383;0;293;0;6;1;0;2.252;0;7;2;2.109;0;693;0;2.234;14;8.709;0;863;0;0;0;0;0;31.609;6;4.452;18.659;0;0;46.830;0;0
2013/06;4.073.906;8.212;0;0;29.854;0;37.088;1.609.005;176.071;79.480;1.683;0;0;0;0;0;250;1.304;0;0;0;0;256.718;1.093;0;119;1.774;16.238;99;0;10.508;30.268;5.966;3.265;959.284;168.262;12;0;5.794;28.324;0;411;3.132;519;334;0;0;2;503.429;0;477;0;9;0;0;3.055;0;16;514;1.869;0;2.592;0;1.157;0;8.142;0;1.113;0;0;0;0;0;46.259;11;6.101;19.642;0;0;44.451;0;0
2013/07;4.593.511;11.475;0;0;31.270;0;44.892;1.784.229;203.291;89.301;2.703;0;0;0;0;0;367;738;0;0;0;0;404.509;2.099;0;336;2.821;13.072;42;0;8.765;26.499;8.776;3.499;930.278;236.647;0;0;12.696;37.584;0;442;3.275;1.620;729;0;0;0;593.338;0;8;0;2;2;0;4.233;0;155;0;1.508;0;3.929;0;4.724;0;6.617;0;1.420;0;0;0;0;0;42.532;7;6.303;19.833;0;0;46.945;0;0
2013/08;4.945.999;12.409;0;0;40.855;0;38.292;1.831.985;239.758;101.702;4.525;0;0;0;0;0;1.252;1.516;0;0;4;0;403.456;1.303;0;234;2.072;13.186;18;0;9.666;32.332;15.404;6.797;1.085.988;224.169;0;0;11.444;52.811;0;454;1.813;950;535;0;0;0;615.909;0;13;0;0;1;0;4.567;0;3.001;9;1.979;0;4.004;0;3.176;0;8.504;0;1.652;0;0;0;0;0;87.442;3;8.003;23.250;0;0;49.556;0;0
2013/09;4.266.133;8.563;0;0;42.559;0;30.286;1.666.419;196.766;89.208;3.482;0;0;0;0;0;297;1.278;0;0;8;3;239.859;1.183;0;46;697;15.746;42;0;10.090;28.652;9.053;4.613;1.007.171;189.990;0;0;4.146;39.610;0;550;676;185;279;0;0;0;534.646;0;9;0;0;0;0;3.421;0;2.762;5;1.425;0;2.580;0;10.157;0;9.528;0;1.121;0;0;0;0;0;57.898;13;5.849;21.199;0;0;24.063;0;0
2013/10;3.402.460;7.744;0;0;41.071;0;27.699;1.155.154;148.440;95.572;1.747;0;0;0;0;0;421;3.203;0;0;13;6;244.787;708;0;18;814;15.007;47;0;8.221;32.421;738;3.223;999.755;159.896;0;0;3.500;34.159;0;495;564;132;208;0;0;0;292.126;2;0;0;2;0;0;3.049;0;1.951;1;1.709;0;4.814;0;11.571;0;8.306;0;1.172;0;0;0;0;0;58.618;4;5.035;20.972;0;0;7.365;0;0
2013/11;1.709.479;3.803;0;0;33.985;0;18.686;278.655;136.612;34.970;835;0;0;0;0;0;43;114;0;0;0;3;180.583;0;0;4;124;11.020;90;0;8.812;24.988;0;2.815;771.138;50.632;0;0;892;20.937;0;555;290;94;13;0;0;0;12.530;1;16;0;3;0;0;1.996;0;4;70;1.278;0;755;0;10.585;0;7.267;0;860;0;0;0;0;0;40.016;4;3.739;21.792;0;0;27.870;0;0
2013/12;1.442.995;4.107;0;0;30.168;0;19.132;125.869;119.886;1.127;383;0;0;0;0;0;355;35;0;0;2;0;189.154;0;0;810;356;9.031;63;0;5.892;22.345;184;1.895;745.363;29.309;0;5;1.417;18.744;0;501;642;156;2;0;0;0;3.632;0;3;0;5;0;0;2.098;0;0;0;1.575;0;745;0;10.324;0;5.734;0;648;0;0;0;0;0;39.038;6;1.627;16.741;0;0;33.886;0;0
2014/01;1.146.815;4.020;0;0;29.710;1;14.993;93.771;103.918;1.387;438;0;0;0;0;0;741;41;0;0;7;2;139.383;0;0;1.269;329;4.503;77;0;7.394;19.852;0;1.838;601.732;20.724;1;0;790;12.859;0;404;126;51;8;0;0;0;1.298;0;0;0;3;3;0;1.671;0;0;0;1.349;0;652;0;864;0;6.220;0;440;0;0;0;0;0;31.563;4;1.121;12.943;0;0;28.315;0;0
2014/02;1.352.184;4.723;0;0;53.383;1;19.445;139.873;102.423;28;441;0;0;0;0;0;76;96;0;0;8;5;153.977;3;0;943;335;600;20;0;10.502;20.597;0;2.144;696.660;29.323;0;1;1.188;13.270;0;451;234;8;5;0;0;0;2.180;0;0;0;20;0;0;1.286;0;0;5;1.017;0;1.219;0;6;0;10.926;0;337;0;0;0;0;0;35.745;2;1.486;15.539;0;0;31.653;0;0
2014/03;1.851.980;5.205;0;0;62.051;0;21.394;304.231;127.546;2.705;753;0;0;0;0;0;108;61;0;0;0;15;200.864;0;0;150;312;743;5;0;16.798;27.996;18.600;2.361;867.722;36.523;0;4;1.088;18.554;0;576;261;100;1;0;0;0;6.678;0;7;0;1;0;0;1.730;0;0;1;1.227;0;672;0;5;0;21.002;0;270;0;0;0;0;0;42.770;0;2.922;19.839;0;0;38.129;0;0
2014/04;2.652.071;7.206;0;0;27.346;0;22.550;769.397;140.601;13.038;2.659;0;0;0;0;0;60;1.053;0;0;0;0;233.470;0;0;1;1.025;1.948;4;0;8.190;31.450;993;3.149;1.015.737;98.592;0;3;2.990;26.138;0;514;413;127;1;0;0;0;124.375;0;32;0;4;0;0;2.004;0;466;475;1.411;0;1.197;0;16;0;7.420;0;571;0;0;0;0;0;43.774;2;2.408;15.349;0;0;43.912;0;0
2014/05;3.900.096;7.636;0;0;36.903;0;22.980;1.468.917;184.055;66.914;2.872;0;0;0;0;0;53;1.164;0;0;0;0;252.919;579;0;4;1.036;2.155;19;0;10.246;35.687;4.239;3.948;1.080.574;139.666;0;11;3.146;29.801;0;548;816;179;0;0;0;40;407.835;0;31;0;3;0;0;2.355;0;0;0;1.328;0;1.490;0;12;0;9.565;0;662;0;0;0;0;0;55.181;5;3.690;17.318;0;0;43.514;0;0
2014/06;4.335.075;8.771;0;0;36.541;0;31.594;1.729.724;171.925;80.202;2.040;0;0;0;0;0;248;482;0;0;0;4;261.090;1.103;0;0;1.524;2.508;77;0;11.280;39.249;4.060;4.689;1.091.505;159.083;0;4;4.567;33.183;0;613;2.514;234;263;0;0;0;508.921;0;0;0;2;3;0;2.485;0;2.037;0;1.354;0;4.000;0;29;14;12.516;0;769;0;0;0;0;0;66.333;4;4.044;17.341;0;0;36.146;0;0
2014/07;5.214.519;15.723;0;0;37.444;0;44.009;1.975.694;197.353;93.774;3.622;0;0;0;0;0;1.023;457;0;0;3;12;533.023;2.433;1;488;3.858;5.714;49;0;10.888;34.018;8.566;5.446;1.157.145;229.382;0;4;14.356;45.324;0;574;5.623;586;691;0;0;0;624.165;0;0;0;7;1;0;5.641;0;2.786;0;1.325;0;9.141;0;2;0;13.205;0;1.627;0;0;0;0;0;72.008;5;5.781;17.189;0;0;34.353;0;0
2014/08;5.283.333;17.507;0;0;38.376;0;42.927;1.955.780;244.395;93.464;5.514;0;0;0;0;0;1.183;1.644;0;0;5;30;413.195;1.851;0;189;2.223;4.839;43;0;12.364;50.010;11.702;11.217;1.291.616;210.263;0;5;11.821;57.701;0;660;2.540;476;604;0;0;0;644.850;0;16;0;1;2;0;5.516;0;2.908;5;1.255;0;9.692;0;4;0;16.203;0;1.468;0;0;0;0;0;44.548;6;7.227;21.370;0;0;44.118;0;0
2014/09;4.352.429;12.081;0;0;43.332;0;33.122;1.576.966;177.025;89.368;3.663;0;0;0;0;0;297;2.345;0;0;9;8;270.940;1.010;0;11;749;3.143;0;0;14.420;40.901;9.157;9.684;1.182.883;169.854;0;2;4.694;41.407;0;860;562;273;232;0;0;0;539.163;2;6;0;2;0;0;3.490;0;7.251;10;1.195;0;11.520;0;1;0;23.238;0;891;0;0;0;0;0;12.484;5;4.166;18.037;0;0;41.970;0;0
2014/10;3.439.554;10.436;0;0;23.157;0;27.930;1.092.765;156.360;95.746;1.949;0;0;0;0;0;198;1.700;0;0;5;5;249.399;751;0;6;468;2.790;43;0;9.039;36.984;3.824;9.506;1.133.564;131.241;0;0;3.901;36.470;0;1.132;348;237;124;0;0;0;275.755;0;26;0;11;0;0;3.134;0;10.859;0;1.593;0;13.737;0;4;0;13.700;0;698;0;0;0;0;0;27.059;13;3.215;16.643;0;0;43.029;0;0
2014/11;1.729.803;6.775;0;0;18.350;0;21.202;260.873;134.880;16.027;357;0;0;0;0;0;86;695;0;0;2;0;189.818;0;0;8;533;705;31;0;9.541;33.170;17;9.800;845.102;43.668;0;18;927;21.063;0;883;294;88;0;0;0;0;13.928;0;17;0;8;1;0;1.937;0;0;0;1.549;0;1.083;0;0;0;10.350;0;391;0;0;0;0;0;29.175;3;1.951;17.759;0;0;36.738;0;0
2014/12;1.580.041;9.323;0;0;18.849;0;22.380;130.528;132.598;5.443;374;0;0;0;0;0;119;78;0;0;0;1;192.781;4;0;218;1.039;564;45;0;9.702;39.722;0;3.813;856.457;24.753;11;2;1.485;20.871;0;1.001;1.367;121;5;0;0;0;2.782;0;25;0;16;1;0;2.072;0;0;4;1.521;0;1.026;0;2;0;9.829;0;266;0;0;0;0;0;32.823;6;1.331;16.803;0;0;37.880;0;0
2015/01;1.250.941;7.836;0;0;19.587;3;17.868;98.604;108.753;2.617;408;0;0;0;0;0;241;106;0;0;13;7;151.395;5;0;1.005;578;528;27;0;7.293;21.510;0;1.839;692.401;17.820;3;6;732;14.263;0;906;155;79;0;0;0;0;1.059;0;41;0;11;3;0;1.972;0;0;1;1.109;0;942;0;0;0;8.069;0;330;0;0;0;0;0;23.147;4;1.214;12.952;0;0;33.499;0;0
2015/02;1.383.343;7.643;0;0;27.149;2;23.571;135.736;108.651;2.790;392;0;0;0;0;0;111;94;0;0;2;1;155.081;3;0;674;384;587;28;0;9.949;31.974;4;1.855;733.024;25.137;0;10;820;15.046;0;912;260;107;17;0;0;0;2.847;0;6;0;16;0;0;1.687;0;13;3;1.667;0;1.007;0;4;0;18.021;0;329;0;0;0;0;0;26.356;3;1.336;13.823;0;0;34.211;0;0
2015/03;1.895.940;8.769;0;0;56.303;17;24.524;301.344;126.282;9.473;415;0;0;0;0;0;161;486;0;0;8;2;186.162;2;0;411;487;662;27;0;19.120;11.275;24.467;2.873;945.753;36.225;60;3;992;19.055;0;1.031;353;152;2;0;0;0;10.846;0;175;0;11;1;0;2.012;0;0;2;1.213;0;1.748;0;7;0;30.752;0;276;0;0;0;0;1;42.403;7;1.989;18.244;0;0;9.357;0;0
2015/04;2.437.263;9.562;0;0;24.211;0;23.955;622.623;138.706;36.359;1.216;0;0;0;0;0;98;11.921;0;0;2;1;242.813;0;0;6;1.027;1.341;3;0;9.233;3.122;1.240;4.495;1.038.778;71.297;0;6;2.558;29.765;0;975;545;82;0;0;0;2;87.982;0;548;0;18;0;0;1.616;0;35;0;1.536;0;2.297;0;1;0;9.699;0;359;0;0;0;0;0;41.144;2;2.610;12.945;0;0;529;0;0
2015/05;3.804.158;10.824;0;0;28.977;0;28.231;1.345.783;197.821;55.890;1.782;0;0;0;0;0;55;3.431;0;0;6;9;275.877;126;0;3;748;1.756;49;0;12.284;4.320;3.010;7.645;1.184.124;128.725;0;0;3.085;33.329;0;1.023;826;128;16;0;0;0;377.885;0;133;0;8;1;0;2.424;0;515;372;2.113;0;4.059;0;1;0;14.525;0;601;0;0;0;0;0;51.659;3;3.676;15.477;0;0;823;0;0
2015/06;4.123.109;13.208;0;0;31.602;0;34.532;1.593.283;166.389;86.343;1.995;0;0;0;0;0;82;3.344;0;0;0;2;275.894;654;0;5;1.790;2.107;29;0;12.798;5.113;5.620;10.756;1.092.608;145.923;0;5;4.787;33.423;0;957;2.894;175;130;0;0;11;497.751;0;146;0;15;2;0;2.663;0;88;0;1.652;0;4.761;0;1;0;17.416;0;800;0;0;0;0;0;49.155;6;4.942;16.032;0;0;1.220;0;0
2015/07;5.480.502;23.377;0;0;37.291;0;56.985;1.956.711;223.941;77.773;3.396;0;0;0;0;0;2.479;4.543;0;0;0;1;564.533;2.301;2;23;4.941;5.783;99;0;14.974;17.582;15.490;14.881;1.401.856;217.955;3;4;14.725;49.995;0;956;7.307;577;822;0;0;0;597.674;0;24;0;13;2;0;5.613;0;14;6;9.380;0;9.900;0;373;0;24.407;0;1.407;0;0;0;0;0;82.404;5;6.039;17.560;0;0;4.375;0;0
2015/08;5.130.967;26.552;0;0;28.443;0;50.833;1.886.432;236.842;93.277;4.602;0;0;0;0;0;2.010;3.218;0;0;14;1;392.452;1.762;3;10;2.317;4.723;39;0;6.714;7.525;15.048;30.417;1.335.335;202.990;0;1;10.627;51.473;0;1.145;2.742;305;853;0;0;0;595.912;0;0;0;8;9;0;5.482;0;12;1;13.196;0;8.909;0;311;5;9.305;0;1.214;0;0;0;0;0;78.264;6;4.982;13.611;0;0;1.035;0;0
2015/09;4.251.870;18.802;0;0;31.217;0;36.536;1.535.252;223.939;93.119;2.564;0;0;0;0;0;383;4.586;0;0;0;155;282.574;721;0;1;1.025;3.011;50;0;0;10.193;14.592;25.981;1.206.248;152.979;0;1;4.519;45.203;0;918;1.441;201;287;0;0;0;472.558;1;12;0;4;0;0;3.116;0;8;0;6.929;0;6.516;0;63;4;0;0;955;0;0;0;0;0;48.952;0;3.263;8.865;0;0;4.126;0;0
2015/10;3.301.194;18.139;0;0;28.006;0;28.024;1.047.709;171.969;92.654;1.282;0;0;0;0;0;101;5.118;0;0;12;43;237.939;245;0;3;776;4.156;0;0;3.102;27.456;2.874;13.719;1.126.586;127.733;0;0;3.209;33.544;0;951;873;184;0;0;0;0;246.668;1;41;0;7;5;0;2.808;0;2.071;1;4.106;0;3.320;0;6;0;2.421;0;721;0;0;0;0;0;43.026;4;3.258;10.965;0;0;5.358;0;0
2015/11;1.720.554;14.451;0;0;25.869;0;19.644;251.551;160.992;19.029;406;0;0;0;0;0;92;355;0;0;1;48;196.215;0;0;0;259;611;14;0;7.859;6.265;233;6.967;849.211;49.625;0;1;1.039;21.078;0;898;359;106;11;0;0;0;19.484;0;4;0;3;1;0;2.278;0;0;0;2.917;0;453;0;0;0;9.509;0;576;0;0;0;0;0;35.370;2;2.214;12.543;0;0;2.011;0;0
2015/12;1.464.791;16.074;0;0;24.009;1;21.837;99.065;153.776;328;368;0;0;0;0;0;77;100;0;0;0;61;202.010;3;314;0;709;696;45;0;2.576;6.523;0;5.298;822.809;24.140;0;2;1.669;21.611;0;1.090;1.373;0;5;0;0;0;7.334;0;0;0;2;2;0;2.276;0;0;0;2.684;0;270;0;608;0;10.445;0;304;0;0;0;0;0;18.641;2;1.698;11.670;0;0;2.286;0;0
2016/01;1.170.333;12.682;0;0;20.052;1;19.870;76.940;114.756;18;505;0;3;0;0;0;104;246;0;0;0;165;143.626;1;0;2;433;729;0;0;5.093;7.251;0;4.572;693.467;16.356;0;0;721;12.963;0;623;125;1;1;0;0;0;3.306;0;0;0;7;5;0;1.721;0;23;1;3.946;0;154;0;87;0;7.451;0;220;0;0;0;0;0;8.690;6;1.204;9.748;0;0;2.458;0;0
2016/02;1.240.633;5.215;0;0;30.502;3;21.027;90.526;156.869;109;317;0;0;0;0;0;97;120;0;0;1;95;155.444;6;0;0;337;622;18;0;5.958;7.152;3;978;675.250;18.952;0;6;817;15.012;0;713;283;9;4;0;0;0;6.061;0;11;0;20;3;0;1.778;0;13;4;1.876;0;171;0;6;0;19.412;0;298;0;0;0;0;0;8.033;1;1.634;11.574;0;0;3.293;0;0
2016/03;1.652.511;5.857;0;0;55.656;44;20.964;241.421;176.881;6.935;347;0;0;0;0;0;105;2.330;0;0;0;236;186.583;0;183;6;631;762;13;0;5.343;3.883;20.407;948;784.599;37.092;8;0;1.094;18.136;0;700;231;2;0;0;0;0;15.678;0;0;0;3;0;0;1.653;0;9;2;2.646;0;128;0;2;0;33.320;0;358;0;0;0;0;0;4.690;2;4.167;14.254;0;0;4.202;0;0
2016/04;1.753.045;6.222;0;0;27.445;0;18.188;371.921;187.386;21.560;534;0;0;0;0;0;139;1.664;0;0;0;389;216.177;8;509;5;688;1.185;0;0;962;4.444;2.638;971;716.278;37.853;1;3;1.829;23.513;0;740;474;8;6;0;0;0;65.749;0;0;0;6;1;0;1.680;0;0;6;1.920;0;1.918;0;3;0;12.717;0;392;0;0;0;0;0;3.735;11;3.308;13.422;0;0;4.437;0;0
2016/05;2.485.411;8.356;0;0;37.246;0;23.005;621.870;236.021;55.593;693;0;0;0;0;0;65;1.126;0;0;2;661;235.330;124;0;5;748;1.815;68;0;1.202;6.267;5.896;1.239;870.905;65.933;0;9;2.130;26.177;0;721;982;16;0;0;0;0;223.702;0;24;0;2;0;0;1.821;0;0;0;2.010;0;5.315;0;4;0;16.811;0;496;0;0;0;0;0;4.973;10;4.634;16.479;0;0;4.925;0;0
2016/06;2.438.293;8.382;0;0;37.926;0;28.410;701.580;201.377;70.471;1.467;0;0;0;0;0;95;1.111;0;0;0;668;230.676;489;2;16;1.867;654;59;0;3.705;7.442;11.302;1.773;707.949;73.144;0;7;2.884;24.708;0;616;3.505;129;0;0;0;0;259.004;137;0;0;5;1;0;2.149;0;0;0;1.962;0;3.201;0;379;0;17.746;0;647;0;0;0;0;0;4.053;3;5.101;16.211;0;0;5.280;0;0
2016/07;3.468.202;18.432;1;0;31.782;0;45.417;975.335;236.336;44.471;2.733;0;0;0;0;0;735;618;0;0;4;506;538.617;2.589;4;2;6.116;6.472;44;0;4.902;18.178;7.993;3.288;925.506;135.162;0;5;16.573;34.370;0;482;6.732;630;252;0;0;0;321.493;0;387;0;226;0;0;6.188;0;1;108;2.053;0;15.197;0;469;0;19.697;0;1.626;0;0;0;0;0;6.889;3;6.815;18.200;0;0;4.563;0;0
2016/08;3.183.003;14.555;0;0;34.015;0;40.371;969.761;254.101;50.541;2.599;0;0;0;0;0;388;188;0;0;30;631;290.590;1.513;0;13;2.446;4.802;50;0;7.423;18.882;2.140;3.031;909.914;111.913;0;3;9.759;31.253;0;624;1.230;255;234;0;0;4;329.994;0;6;0;1.221;3;0;4.815;0;0;6;2.323;0;17.015;0;202;6;20.200;0;1.164;0;0;0;0;0;9.816;3;7.230;20.513;0;0;5.227;0;0
2016/09;2.855.397;10.661;1;0;37.457;0;32.813;906.986;249.725;44.600;2.255;0;0;0;0;0;148;980;0;0;9;645;253.937;762;0;8;774;4.366;28;0;9.461;17.734;9.714;1.814;801.923;76.803;0;7;4.218;34.165;0;572;1.206;217;147;0;0;3;273.883;0;0;0;402;2;0;3.035;0;2;144;1.922;0;7.842;0;2;0;24.059;0;809;0;0;0;0;1;9.276;1;6.794;18.402;0;0;4.682;0;0
2016/10;2.449.948;9.835;0;0;30.427;0;29.599;787.001;190.942;44.481;686;0;0;0;0;0;113;583;0;0;709;686;217.345;627;0;2;874;3.048;46;0;10.581;14.965;3.564;1.126;792.320;63.123;0;6;3.259;24.636;0;584;1.200;193;0;0;0;0;151.820;0;8;0;141;0;0;2.035;0;320;4;1.672;0;2.639;0;0;0;21.070;0;655;0;0;0;0;0;7.782;0;5.320;18.296;0;0;5.625;0;0
2016/11;1.353.280;7.121;0;0;33.061;0;23.573;124.826;180.564;9.812;297;0;0;0;0;0;109;141;0;0;2.105;396;185.398;0;552;2;444;1.101;35;0;10.402;8.021;1;1.081;664.459;16.659;0;9;1.100;19.160;0;451;201;5;0;0;0;0;5.758;0;0;0;114;4;0;2.231;0;2;0;1.727;0;1.378;0;0;0;17.687;0;421;0;0;0;0;0;6.939;7;3.143;17.507;0;0;5.276;0;0
2016/12;1.302.157;7.131;0;0;30.802;2;27.999;84.329;168.514;125;365;0;0;0;0;0;94;42;0;0;1.983;582;191.629;3;0;80;711;1.314;51;0;8.569;7.682;0;803;675.074;19.114;0;2;1.665;18.429;0;631;1.207;193;1;0;0;0;1.288;0;0;0;118;3;0;2.746;0;0;1;1.780;0;1.109;0;533;1;11.521;0;203;0;0;0;0;0;8.512;3;2.791;16.898;0;0;5.524;0;0
2017/01;1.055.474;6.628;0;0;32.666;5;26.173;64.653;145.046;12;215;0;0;0;0;0;99;69;0;0;1.553;431;118.260;534;0;208;170;1.968;46;0;10.724;8.368;0;757;560.880;13.277;0;6;1.172;8.237;0;534;131;2;0;0;0;0;2.425;0;0;0;116;0;0;2.540;0;27;2;1.950;0;2.197;0;467;0;12.796;0;200;0;0;0;0;0;7.166;3;2.377;15.040;0;0;5.344;0;0
2017/02;1.159.833;5.941;2;0;36.669;3;27.010;66.672;146.337;5;192;0;0;0;0;0;68;124;0;0;1.385;452;159.659;2;1;622;376;1.398;0;0;9.178;7.801;6;882;590.768;16.390;0;5;1.595;13.081;0;515;71;2;2;0;0;2;2.291;0;0;0;155;0;1;1.755;0;27;0;1.568;0;653;0;3;0;30.103;0;220;0;0;0;0;1;9.989;6;2.111;18.686;0;0;5.048;0;0
2017/03;1.587.007;6.403;0;0;67.413;1;30.102;142.798;194.102;3.117;262;0;0;0;0;0;144;100;0;0;3.828;504;200.132;0;0;0;245;1.270;27;0;17.827;8.507;4.246;1.003;743.063;27.805;0;8;1.239;19.169;0;695;92;1;19;0;0;0;7.103;0;5;0;343;0;0;1.885;0;47;2;2.121;0;1.329;0;2;7;51.355;0;495;0;0;0;0;0;12.835;3;6.260;23.645;0;0;5.448;0;0
2017/04;2.070.322;6.531;0;0;28.578;4;31.627;501.259;189.302;13.165;1.792;0;4;0;0;0;98;378;0;0;2.877;1.022;221.616;3;0;43;1.062;1.737;11;0;10.579;5.023;2.174;1.085;836.412;43.144;0;4;2.001;23.538;0;503;276;0;0;0;0;0;73.146;0;20;0;363;0;0;1.828;0;0;0;1.812;0;3.576;0;2;0;18.392;0;509;0;0;0;0;0;12.852;4;6.018;20.815;0;0;5.137;0;0
2017/05;2.889.873;5.727;1;0;38.383;5;33.307;1.048.195;244.958;16.582;1.812;0;0;0;0;0;93;104;0;0;3.271;1.245;233.357;2;17;2;1.355;2.260;64;0;13.579;4.368;4.747;1.406;830.688;57.350;0;6;2.544;24.870;0;618;332;36;4;0;0;0;236.173;0;0;0;356;0;0;2.248;0;44;0;1.630;0;3.703;0;0;0;23.477;0;427;0;0;0;0;0;16.551;2;6.760;21.612;0;0;5.602;0;0
2017/06;3.486.940;7.399;0;0;46.281;0;42.896;1.449.514;217.797;12.385;3.160;0;0;0;0;0;74;523;0;0;5.801;938;258.775;514;0;3;3.116;2.740;27;0;14.900;5.450;9.039;2.272;828.008;94.029;0;0;5.416;29.936;0;665;2.931;180;151;0;1;0;333.064;0;0;0;762;1;0;3.533;0;197;1;1.479;0;8.640;0;3;0;34.920;0;742;0;0;0;0;0;18.505;3;8.337;21.774;0;0;10.058;0;0
2017/07;5.075.961;16.970;0;0;49.148;0;78.826;1.783.107;308.327;16.920;5.329;0;0;0;0;0;109;2.766;0;0;5.575;1.336;608.718;2.164;0;17;8.051;6.549;25;0;19.021;16.606;7.468;4.157;1.320.098;158.042;15;5;19.395;41.676;0;565;7.745;686;549;0;6;0;397.841;0;0;0;3.159;1;0;7.465;0;11;7;1.826;0;27.088;0;0;0;37.992;0;1.578;0;0;0;0;0;27.840;15;9.419;27.247;0;0;44.501;0;0
2017/08;4.658.463;13.876;0;0;54.991;0;66.131;1.726.720;312.492;20.717;7.138;0;0;0;0;0;91;1.898;0;0;6.133;1.511;348.064;1.332;2;1;4.147;5.533;0;0;22.574;17.153;10.732;4.727;1.248.528;146.992;0;7;13.663;42.614;0;684;3.434;399;261;0;2;2;406.318;0;0;0;5.668;4;48;2.554;0;20;2;2.473;0;28.570;0;3;2;48.679;0;1.150;0;0;0;0;0;37.853;6;10.763;25.789;0;0;6.012;0;0
2017/09;4.076.630;9.640;0;0;60.491;5;51.203;1.509.089;301.286;23.353;4.955;0;5;0;0;0;77;152;0;0;6.556;1.063;303.241;773;327;6;1.621;4.857;13;0;25.762;22.781;9.376;1.685;1.046.617;103.185;3;5;5.331;46.136;0;606;1.126;230;155;0;3;1;347.801;2;0;0;2.344;2;8;2.082;0;18;3;2.096;0;11.261;0;5;0;65.907;0;824;0;0;0;0;0;25.563;3;9.931;22.100;0;0;44.965;0;0
2017/10;2.992.947;8.550;0;0;44.105;0;41.988;963.260;225.584;12.611;2.718;0;0;0;0;0;131;207;0;0;3.650;342;251.821;868;0;4;1.489;2.791;38;0;21.468;23.630;3.018;1.094;1.003.581;62.457;12;0;4.307;30.153;0;761;1.193;247;0;0;0;4;167.064;0;0;0;1.377;0;0;2.502;0;12;166;2.152;0;2.245;0;0;0;39.327;0;844;0;0;0;0;0;23.219;6;8.023;19.691;0;0;14.237;0;0
2017/11;1.652.795;6.238;0;0;45.079;0;31.507;128.564;186.792;1.394;2.268;0;0;0;0;0;61;282;0;0;2.442;363;220.854;0;252;1;1.234;1.543;10;0;26.661;15.016;878;1.033;832.542;17.117;0;8;1.789;24.470;0;583;104;34;0;0;0;0;6.674;0;7;0;157;1;1;3.298;0;279;108;2.273;0;1.308;0;1;0;32.448;0;418;0;0;0;0;0;25.443;14;5.480;19.679;201;0;5.886;0;0
2017/12;1.703.789;6.941;0;0;44.095;1;35.355;98.219;194.023;159;2.090;0;0;0;0;0;72;149;0;0;2.973;326;241.342;9;0;219;1.707;1.619;24;0;21.463;11.422;0;942;889.325;21.851;7;1;2.978;24.786;0;3.158;1.653;4;1;0;0;13;2.568;0;0;0;94;2;9;3.557;0;345;0;2.306;0;1.847;0;1;0;26.581;0;306;0;0;0;0;0;30.019;4;4.345;18.863;316;0;5.699;0;0
2018/01;1.461.570;6.203;0;0;31.702;5;32.017;69.901;158.684;88;827;0;1;0;0;0;58;81;0;0;2.192;334;181.451;2;0;216;1.292;1.429;25;0;14.890;7.745;4;970;831.307;18.309;0;5;2.759;15.668;0;3.462;293;0;1;0;1;3;1.869;0;11;0;75;0;48;2.538;0;476;0;829;0;2.088;0;2;0;22.403;0;532;0;0;0;0;1;25.754;11;2.956;15.666;233;0;4.153;0;0
2018/02;1.527.070;6.540;0;0;39.115;6;35.282;84.733;165.077;67;929;0;1;0;0;0;54;116;0;0;2.800;144;171.165;4;0;0;1.524;1.683;22;0;21.734;6.633;212;873;848.510;21.576;0;4;2.108;14.716;0;3.343;373;2;4;0;0;8;1.341;0;0;0;39;1;182;2.773;0;339;5;1.183;0;1.748;0;15;0;41.463;0;368;0;0;0;0;0;26.308;26;3.080;15.598;289;0;2.954;0;0
2018/03;2.139.766;7.935;0;0;96.335;4;36.756;242.751;189.075;1.121;528;0;2;0;0;0;85;120;0;0;9.483;18;209.149;1;0;2;1.509;1.983;13;0;35.691;7.089;10.922;1.013;1.073.002;40.594;23;35;2.227;20.810;0;3.385;372;3;0;0;0;24;14.928;1;24;0;108;0;265;4.039;0;0;2;1.466;0;2.845;0;4;0;58.864;0;685;0;0;0;0;0;30.473;56;9.146;20.574;264;0;3.962;0;0
2018/04;2.655.561;8.238;0;0;16.627;3;41.630;665.808;191.227;9.613;898;0;4;0;0;0;155;93;0;0;3.217;2;278.464;4;0;19;1.982;1.690;5;0;8.535;9.603;3.648;1.083;1.144.041;47.213;0;43;3.094;36.167;0;3.775;263;1;0;0;1;0;101.756;0;158;0;111;2;164;3.683;0;4;1;1.081;0;6.201;0;2;19;9.832;0;742;0;0;0;0;2;23.679;55;7.617;19.144;305;0;3.857;0;0
2018/05;3.678.440;7.836;0;0;18.153;2;41.898;1.575.613;218.554;16.779;1.736;0;0;0;0;0;75;119;0;0;2.373;45;254.784;359;0;1;1.685;1.934;0;0;5.138;10.834;4.563;1.404;984.028;77.830;5;40;4.387;32.286;0;3.699;353;53;14;0;0;0;344.814;0;10;0;264;0;157;2.993;0;6;1;964;0;2.548;0;0;0;6.913;0;820;0;0;0;0;0;19.985;74;6.231;21.446;240;0;4.394;0;0
2018/06;4.505.594;9.406;0;0;23.197;6;58.005;1.933.899;221.013;15.966;2.451;0;0;0;0;0;82;449;0;0;4.286;717;336.735;1.193;0;12;3.257;5.545;12;0;6.898;16.973;5.415;2.988;1.100.389;120.050;7;18;7.637;39.386;0;3.652;3.888;390;401;0;0;0;466.782;0;2;0;948;0;125;4.214;0;268;3;961;0;19.328;0;4;0;11.674;0;1.125;0;0;0;0;0;30.765;47;8.166;23.088;520;0;13.251;0;0
2018/07;5.671.801;17.241;2;0;22.557;0;90.026;2.103.421;240.651;21.017;4.441;0;1;0;0;0;100;2.695;0;0;4.327;1.650;625.791;2.428;0;7;8.612;9.397;78;0;7.074;36.080;5.198;4.130;1.502.397;183.740;0;56;20.443;47.206;0;3.424;8.232;1.062;933;0;0;0;516.191;0;240;0;2.080;13;114;9.216;0;360;2;1.076;0;39.295;0;2;0;9.046;0;1.935;0;0;0;0;3;43.044;79;9.390;24.268;590;0;40.440;0;0
2018/08;5.383.332;15.749;0;0;30.346;51;70.443;2.074.498;274.804;22.776;8.617;0;0;0;0;0;56;2.414;0;0;3.015;1.777;456.419;1.927;4;17;5.429;8.345;0;0;9.283;22.525;4.646;5.999;1.391.036;168.975;0;25;15.602;63.151;0;3.354;3.694;723;571;0;0;1;535.635;0;17;0;1.583;0;329;8.248;0;464;0;37.091;0;4;0;60.822;0;20.991;0;1.462;0;0;0;0;0;1.335;46;11.760;31.214;566;0;5.493;0;0
2018/09;4.792.818;12.435;2;0;31.488;2;56.508;1.899.103;236.321;20.411;6.596;0;0;0;0;0;98;502;0;0;2.748;1.554;392.984;1.160;4;4;1.988;13.505;165;0;10.410;41.685;2.549;1.702;1.235.301;129.458;1;28;7.798;62.982;0;3.302;1.692;466;332;0;0;1;458.841;1;174;0;745;2;315;4.450;0;377;1;978;0;9.112;0;1;0;24.833;0;1.270;0;0;0;0;0;47.635;99;10.977;27.212;442;0;30.068;0;0
2018/10;3.755.467;11.872;0;0;21.632;0;49.043;1.359.212;169.997;18.479;5.389;0;0;0;0;0;103;421;0;0;2.718;1.452;342.431;1.148;4;7;1.792;5.205;112;0;7.634;19.545;986;1.247;1.230.070;83.331;20;34;6.469;49.128;0;3.454;1.384;370;242;0;0;0;260.246;0;34;0;493;0;654;4.039;0;0;0;2.079;0;3.809;0;0;3;8.932;0;1.270;0;0;0;0;0;37.751;69;7.570;21.889;658;0;11.040;0;0
2018/11;1.966.277;7.692;0;0;18.379;0;33.015;256.238;148.096;2.833;3.172;0;0;0;0;0;75;126;0;0;3.026;329;291.501;0;0;0;1.081;2.228;33;0;5.840;12.977;1.842;1.023;1.014.984;24.181;0;13;2.607;35.972;;2.871;371;0;8;0;0;5;15.346;0;0;0;253;0;374;2.947;0;9;174;1.373;0;3.109;0;3;7;8.742;0;1.002;0;0;0;0;;28.628;42;5.583;19.838;589;;7.740;0;0
2018/12;1.950.705;9.141;0;0;18.442;1;36.494;173.645;146.871;69;2.530;0;0;0;0;0;94;115;0;0;2.339;373;294.257;1;0;225;1.910;2.554;135;0;4.946;14.220;2.086;1.701;1.077.925;31.190;0;133;5.331;31.702;0;2.879;1.498;0;0;0;0;0;6.066;0;9;0;117;0;382;3.719;0;14;0;2.108;0;3.959;0;1;0;8.509;0;910;0;0;0;0;0;30.179;51;4.532;17.665;391;0;9.286;0;0
2019/01;1.539.496;6.323;0;0;15.455;0;29.542;116.979;118.912;15;777;0;0;0;0;0;423;102;0;0;1.877;64;190.617;3;0;134;1.102;1.801;269;0;2.975;9.842;1.826;5.359;918.949;20.015;0;16;4.919;18.028;0;3.198;362;0;0;0;0;0;1.812;0;0;0;178;0;537;2.667;0;6;0;1.952;0;4.279;0;1;0;6.286;0;617;0;0;0;0;0;25.892;51;2.578;13.949;373;0;8.434;0;0
2019/02;1.670.238;6.931;0;0;18.639;2;36.292;135.227;126.827;598;1.143;0;0;0;0;0;371;147;0;0;2.375;1;203.498;6;0;0;984;1.551;658;0;4.351;9.186;1.757;5.054;984.689;23.916;66;24;4.877;19.791;0;3.123;363;1;0;0;0;0;1.861;0;1;0;138;0;480;3.048;0;4;2;1.901;0;2.882;0;4;0;12.687;0;642;0;0;0;0;0;29.369;47;2.998;15.147;569;0;6.010;0;0
2019/03;2.232.358;8.381;0;0;58.348;12;37.258;253.554;153.034;4.054;1.761;0;2;0;0;0;383;175;0;0;9.822;379;301.118;3;0;0;1.273;2.347;823;0;12.322;11.019;10.193;6.210;1.165.591;37.518;0;104;4.438;31.674;0;3.991;416;0;2;0;5;0;9.137;0;9;0;251;0;440;3.352;0;5;0;2.099;0;2.699;0;2;4;30.253;0;1.684;0;0;0;0;0;34.191;37;4.994;19.743;620;0;6.628;0;0
2019/04;3.293.176;12.400;0;0;19.110;0;45.099;931.685;153.283;12.027;2.595;0;0;0;0;0;1.074;84;0;0;5.156;1.577;373.527;354;0;0;1.842;4.849;330;0;5.662;12.774;3.584;7.157;1.329.868;72.359;1;34;5.471;48.101;0;7.400;598;2;1;0;0;5;146.797;0;203;;273;0;443;3.938;0;5;0;2.284;0;6.179;0;3;0;8.447;0;1.234;0;0;0;0;0;33.771;126;6.074;18.092;563;0;6.735;0;0
2019/05;4.022.254;8.855;0;0;27.678;0;38.000;1.702.343;197.597;19.444;4.573;0;0;0;0;0;1.080;384;0;0;5.550;1.131;326.204;328;0;2;1.058;3.710;2.037;0;6.028;11.056;2.527;6.635;1.016.809;96.330;0;74;4.244;39.892;0;7.304;799;71;4;0;0;0;405.647;0;160;0;247;3;346;3.936;0;6;0;2.580;0;2.422;0;1;0;11.543;0;583;0;0;0;0;0;28.756;88;7.890;19.739;297;0;6.263;0;0
2019/06;5.318.984;13.618;0;0;32.620;1;59.974;2.204.220;190.859;24.160;5.191;0;0;0;0;0;839;391;0;0;5.694;3.505;418.902;1.289;0;10;2.363;16.985;510;0;9.792;20.471;3.371;8.029;1.361.302;168.380;9;136;9.864;47.521;0;5.880;4.751;695;351;0;0;3;533.909;8;15;0;1.178;0;118;6.621;0;18;2;2.125;0;36.453;0;6;;26.959;0;1.005;0;0;0;0;0;42.334;47;8.513;21.774;259;0;15.954;0;0
2019/07;6.617.380;21.274;0;0;47.748;6;88.938;2.505.187;268.955;29.258;6.049;0;0;0;0;0;1.084;1.561;0;0;4.818;5.591;696.927;3.113;0;40;8.453;17.532;546;0;12.968;26.750;2.801;9.251;1.666.319;238.554;2;161;19.513;56.184;0;7.249;10.131;1.105;551;0;0;0;631.302;0;24;0;3.052;0;930;13.216;0;0;1;2.099;0;63.139;0;6;0;38.800;0;1.632;0;0;0;0;0;55.511;73;10.708;25.240;223;0;12.805;0;0
2019/08;6.307.508;18.002;0;0;56.178;1;73.905;2.479.217;287.776;31.273;9.732;0;0;0;0;0;834;1.316;0;0;6.804;4.782;480.771;1.905;9;3;3.986;23.032;354;0;18.654;25.746;3.508;10.066;1.540.120;209.461;0;43;14.435;69.900;0;3.441;3.822;723;515;0;0;0;656.618;148;93;0;2.127;0;1.674;12.545;0;25;10;1.880;0;54.449;0;1;0;64.417;0;1.853;0;0;0;0;0;71.641;95;13.343;27.990;240;0;18.045;0;0
2019/09;5.426.818;13.032;0;0;51.341;0;57.098;2.172.303;262.098;26.899;7.133;0;0;0;0;0;904;509;0;0;6.578;4.072;390.595;1.280;0;0;1.659;17.905;182;0;18.358;32.995;3.108;7.504;1.359.175;166.593;2;47;7.747;62.082;0;7.706;1.980;446;411;0;4;0;542.832;0;186;0;606;0;1.527;7.941;0;4;0;2.232;0;13.569;0;1;0;59.035;0;1.438;0;0;0;0;0;52.275;122;11.143;24.472;1.118;0;26.571;0;0
2019/10;4.291.574;11.631;0;0;30.314;1;47.604;1.635.073;184.059;22.794;4.698;0;0;0;0;0;897;1.747;0;0;5.540;3.140;348.285;904;0;0;1.515;12.023;297;0;10.831;23.413;1.948;7.663;1.347.554;115.886;0;86;6.896;53.044;0;7.676;1.942;370;237;0;0;1;273.343;0;13;0;743;4;439;6.443;0;7;249;1.800;0;3.656;0;0;0;33.441;0;1.786;0;0;0;0;0;35.323;94;8.401;22.289;1.566;0;13.908;0;0
2019/11;2.190.622;7.751;0;0;22.606;0;34.468;308.067;173.937;6.022;2.722;0;0;0;0;0;790;1.360;0;0;3.137;764;303.415;198;5;3;1.406;4.361;136;0;7.822;13.709;738;7.176;1.088.372;32.507;0;56;3.199;40.300;0;7.020;383;0;0;0;0;0;12.012;5;18;0;89;0;384;4.686;0;6;1;1.609;0;2.880;0;3;0;23.382;0;1.591;0;0;0;0;0;31.991;45;7.114;22.717;1.057;0;8.602;0;0
2019/12;2.147.878;8.425;0;0;23.606;0;40.912;206.626;175.075;9.083;1.829;0;0;0;0;0;983;139;0;0;1.529;736;314.706;431;0;219;2.002;5.833;606;0;6.261;16.573;2;6.807;1.127.915;41.599;7;50;6.461;37.636;0;4.245;1.202;1;112;0;0;0;6.468;0;77;0;360;1;1.503;6.542;0;5;0;2.110;0;3.651;0;3;0;13.076;0;1.416;0;0;0;0;0;37.409;72;4.102;20.625;815;0;8.032;0;0
2020/01;1.787.435;6.285;0;0;19.103;0;34.365;152.976;143.679;833;1.212;0;0;0;0;0;2.076;181;0;0;840;317;222.494;158;0;215;1.008;2.791;266;0;4.063;12.379;440;6.804;1.017.034;27.854;2;19;7.053;22.708;0;7.922;458;1;1;0;0;0;1.310;0;2;0;48;34;976;5.524;0;0;0;2.351;0;4.414;0;0;0;9.495;0;1.641;0;0;0;0;0;34.321;49;2.748;18.450;2.107;0;8.428;0;0
2020/02;1.733.112;7.710;1;0;15.139;1;37.320;174.758;140.764;46;993;0;0;0;0;0;904;73;0;0;1.231;394;212.853;2;2;2;1.116;3.444;304;0;3.542;10.836;89;5.398;962.151;32.671;2;25;7.249;22.082;0;3.512;408;15;37;0;0;0;2.052;0;0;0;44;8;1.183;5.333;0;6;3;1.913;0;1.739;0;7;0;8.760;0;1.103;0;0;0;0;1;37.070;67;2.937;15.340;1.614;0;8.858;0;0
2020/03;718.097;3.362;0;0;2;2;9.876;103.919;65.119;866;89;0;0;0;0;0;29;54;0;0;4;324;104.914;1;0;1;333;1.050;153;0;125;5.461;6;2.156;374.101;11.889;0;0;2.482;12.874;0;121;138;6;0;0;0;0;1.248;1;0;0;29;3;1.005;2.368;0;0;19;923;0;699;0;15;1;23;0;418;0;0;0;0;0;1.353;34;1.176;639;1.239;0;7.447;0;0
2020/04;24.238;164;2;0;16;23;397;22;3.093;0;3;0;5;0;0;0;2;1;0;0;0;1;11.850;0;1;19;6;20;0;0;3;618;0;79;960;53;12;18;45;101;0;4;35;110;54;0;0;18;182;31;95;0;221;0;421;1.889;0;0;105;31;0;448;0;2;13;0;0;9;0;0;0;0;5;44;0;516;42;152;0;2.297;0;0
2020/05;29.829;159;9;0;0;0;402;167;4.157;0;0;0;0;0;0;0;3;3;0;0;0;4;17.615;0;0;0;0;78;0;0;11;716;0;176;847;30;0;0;16;115;0;11;0;0;3;0;1;0;20;8;0;0;81;0;61;1.775;0;0;38;27;0;337;0;0;0;5;0;47;0;0;0;0;0;21;0;506;79;43;0;2.258;0;0
2020/06;214.768;3.128;0;0;2.653;0;7.260;12.385;6.123;4;70;0;0;0;0;0;34;55;0;0;0;704;64.995;664;0;0;1.493;3.274;35;0;1.149;4.048;6;1.197;66.725;15.263;0;10;4.183;1.601;0;178;1.705;67;179;0;0;2;1.726;0;0;0;258;4;2.019;3.559;0;3;0;109;0;1.283;0;98;0;4;0;196;0;0;0;0;0;522;19;963;762;846;0;3.207;0;0
2020/07;932.927;8.166;0;0;4.297;0;26.449;204.541;8.386;14;331;0;0;0;0;0;89;175;0;0;12;1.522;182.571;2.947;0;0;6.100;5.878;71;0;1.338;6.115;125;2.264;301.930;57.861;0;3;16.469;5.802;0;583;5.370;195;401;0;103;0;55.370;0;0;0;690;14;1.157;8.633;0;6;0;218;0;4.552;0;25;0;9;0;578;0;0;0;0;0;2.557;92;955;1.660;887;0;5.416;0;0
2020/08;1.814.701;6.733;0;0;4.945;0;18.310;772.720;11.734;40;383;0;0;0;0;0;62;153;0;0;0;1.357;163.734;1.496;0;0;2.826;3.497;167;0;2.655;6.316;205;1.605;436.198;66.364;0;13;10.632;16.924;0;420;2.814;160;177;0;0;0;242.438;0;27;0;313;47;2.920;6.112;0;10;0;286;0;6.850;0;53;0;12;0;607;0;0;0;0;0;13.428;66;960;2.188;1.311;0;4.433;0;0
2020/09;2.203.482;3.291;0;0;5.866;0;9.727;995.960;13.242;76;102;0;0;0;0;0;99;147;0;0;3;967;263.495;427;3;0;936;2.160;156;0;3.756;6.412;141;1.102;460.670;42.844;0;3;3.135;46.074;0;575;1.128;0;44;0;1;0;284.316;0;13;0;81;33;1.557;3.770;0;3;41;409;0;3.717;0;16;0;152;0;413;0;0;0;0;0;37.404;36;1.129;2.867;916;0;4.067;0;0
2020/10;1.742.303;3.163;0;0;5.504;0;11.854;682.239;10.329;15;44;0;0;0;0;0;75;158;0;0;82;411;264.021;178;2;0;1.330;1.327;152;0;1.439;8.180;8;1.163;533.405;25.043;5;0;2.511;47.112;0;718;806;0;2;0;0;0;79.387;0;31;0;87;40;1.238;3.361;0;6;71;264;0;2.040;0;1;0;658;0;273;0;0;0;0;0;44.155;40;1.051;2.732;1.192;0;4.400;0;0
2020/11;833.991;2.746;0;0;5.865;0;9.302;100.209;9.390;5;42;0;0;0;0;0;71;113;0;0;256;91;169.528;0;0;0;1.551;243;165;0;935;7.091;0;951;439.920;7.221;0;29;1.539;24.677;0;524;517;0;4;0;0;0;1.704;0;22;0;61;0;1.620;2.844;0;15;53;139;0;941;0;47;0;332;0;246;0;0;0;0;0;34.431;22;677;2.648;657;0;4.547;0;0
2020/12;699.330;2.438;0;0;5.615;0;10.502;56.672;9.006;10;14;0;0;0;0;0;66;105;0;0;155;0;125.981;1;0;372;1.759;933;56;0;553;6.846;300;827;408.040;10.139;0;0;4.333;13.597;0;396;738;0;4;0;0;0;260;0;2;0;14;4;1.539;2.594;0;45;72;218;0;836;0;399;0;202;0;376;0;0;0;0;0;24.949;22;600;2.019;1.040;0;4.681;0;0
2021/01;509.787;1.801;0;0;5.841;0;7.916;47.023;8.779;0;7;0;0;0;0;0;77;82;0;0;173;0;52.698;11;0;658;560;90;17;0;508;6.069;11;588;334.825;4.752;0;4;4.208;4.147;0;559;251;0;1;0;0;0;77;0;0;0;37;0;692;3.235;0;36;0;397;0;763;0;9;0;121;0;258;0;0;0;0;0;15.681;40;310;1.862;485;0;4.128;0;0
2021/02;537.976;2.015;0;0;5.839;1;8.346;44.932;9.526;11;30;0;0;0;0;0;80;101;0;0;188;0;61.914;0;0;0;292;319;5;0;683;5.830;370;692;350.913;5.137;6;14;2.601;5.261;0;591;353;0;0;0;0;0;116;0;25;0;74;0;457;3.335;0;0;0;240;0;600;0;0;0;134;0;327;0;0;0;0;0;19.066;32;524;2.135;306;0;4.555;0;0
2021/03;905.323;3.003;0;0;5.905;0;15.543;160.722;11.627;8;34;0;0;0;0;0;136;174;0;0;287;126;87.823;0;0;4;560;564;16;0;1.391;7.255;426;776;545.608;13.905;0;5;2.069;7.584;0;508;549;13;0;0;0;0;1.180;0;409;0;52;2;1.488;3.122;0;3;0;344;0;734;0;3;0;237;0;568;0;0;0;0;0;20.786;37;772;2.821;446;0;5.698;0;0
2021/04;790.687;3.048;0;0;5.436;0;15.995;171.088;13.030;8;35;0;0;0;0;0;98;95;0;0;168;509;84.173;0;0;0;980;915;58;0;1.306;6.195;331;836;419.686;13.762;0;0;2.308;7.312;0;623;521;4;0;0;0;0;4.217;0;1.915;0;19;3;2.182;2.661;0;5;0;249;0;762;0;1;0;102;0;510;0;0;0;0;0;19.412;23;1.254;3.262;384;0;5.206;0;0
2021/05;936.282;4.400;0;0;4.769;29;16.290;291.653;16.220;36;27;0;0;0;0;0;94;100;0;0;152;701;97.546;466;0;1;1.216;1.336;6;0;1.478;4.071;34;1.044;384.630;20.732;0;3;3.304;9.298;0;1.164;1.413;0;165;0;0;1;37.386;0;1.811;0;5;0;822;2.881;0;5;0;339;0;999;0;75;0;311;0;487;0;0;0;0;0;18.666;22;1.280;3.833;386;0;4.595;0;0
2021/06;2.047.596;8.593;1;0;5.246;76;34.274;771.708;20.149;55;42;0;0;0;0;0;111;206;0;0;947;743;227.152;1.932;5;120;4.933;3.252;130;0;2.206;7.914;549;1.830;684.621;59.340;0;11;8.782;23.567;0;611;5.415;0;394;0;0;0;109.775;0;16;0;83;11;2.337;5.771;0;28;0;498;0;7.217;0;7;0;476;0;889;0;0;0;0;0;32.249;41;1.611;5.339;315;0;6.018;0;0
2021/07;4.360.952;22.602;0;0;4.805;7;82.301;1.771.363;32.448;54;902;0;0;0;0;0;147;144;0;0;3.312;6.435;609.563;6.738;0;6;15.276;14.997;209;0;4.238;10.234;372;4.052;1.130.999;156.241;2;124;43.351;38.564;0;517;15.610;583;1.162;0;0;0;243.246;0;24;0;12;48;1.599;15.081;0;23;59;367;0;39.100;0;5.459;0;656;0;4.119;0;0;0;0;0;50.809;205;1.547;12.075;522;0;8.643;0;0
2021/08;3.982.168;18.040;0;0;5.844;0;64.275;1.823.263;28.129;126;447;0;0;0;0;0;222;212;0;0;3.292;4.536;353.088;3.536;0;31;5.551;14.063;243;0;4.717;29.561;1.098;3.815;1.002.722;126.692;0;66;24.843;41.421;0;820;5.213;323;864;0;5;0;246.795;0;19;0;29;15;1.553;12.809;0;7;125;630;0;35.996;0;11.270;2;1.001;0;2.441;0;0;0;0;0;65.212;130;1.710;16.584;768;0;18.014;0;0
2021/09;3.513.453;11.448;0;0;6.136;0;47.124;1.682.376;29.936;505;126;0;0;0;0;0;107;222;0;0;4.007;2.883;231.775;1.154;0;13;2.043;7.129;188;0;5.416;17.282;1.422;1.718;975.916;85.505;0;31;8.596;35.427;0;548;2.341;91;387;0;4;0;226.267;0;975;0;141;33;684;8.577;0;6;0;613;0;18.103;0;2.678;4;4.004;0;1.377;0;0;0;0;0;57.943;112;1.816;18.698;382;0;9.184;0;0
